<?xml version="1.0" encoding="UTF-8"?>
<extension id="remote_datasource" status="released" xmlns="http://getsymphony.com/schemas/extension/1.0">
	<name>Remote Datasource</name>
	<description>A datasource that consumes XML, JSON, CSV or TEXT content.</description>
	<repo type="github">https://github.com/symphonycms/remote_datasource</repo>
	<url type="issues">https://github.com/symphonycms/remote_datasource/issues</url>
	<authors>
		<author>
			<name github="symphonycms" symphony="team">Symphony Team</name>
		</author>
	</authors>
	<releases>
		<release version="2.1.1" date="2014-09-28" min="2.4">
			- Expose the CURL error via `httpError()`
			- Fix error with CSV importing
		</release>
		<release version="2.1.0" date="2014-06-25" min="2.4">
			- Add support for text format (a copy of the html response body)
			- Add some documentation
		</release>
		<release version="2.0.1" date="2014-06-24" min="2.4">
			- Clean-up
		</release>
		<release version="2.0.0" date="2014-05-06" min="2.4">
			- Add support for Symphony 2.4
			- Support CSV data format
			- Allow `$gateway` to be manipulated and `$data` to previewed
			- When the Datasource fails, data is added to the `?debug` page to assist in debugging
			- Allow no cache to be set
			- Sanitize XPath to allow for more complex queries
		</release>
		<release version="1.1.0" date="2013-02-19" min="2.3" max="2.4">
			- Officially release the extension
			- Add `url` to the resulting XML result so you can see what URL was actually fetched
			- Fix bug where a result would always be `stale`
			- Allow timeout to be user configurable in the Data Source Editor
			- Various PHP E_NOTICE fixes
		</release>
		<release version="1.0.0" date="2012-03-11" min="2.3">
			- Initial release
		</release>
	</releases>
</extension>
